{"coco/bbox_mAP": 0.141, "coco/bbox_mAP_50": 0.4, "coco/bbox_mAP_75": 0.075, "coco/bbox_mAP_s": 0.2, "coco/bbox_mAP_m": 0.183, "coco/bbox_mAP_l": 0.071, "data_time": 0.004516638242281401, "time": 0.17045157383649778}