{"coco/bbox_mAP": 0.03, "coco/bbox_mAP_50": 0.079, "coco/bbox_mAP_75": 0.018, "coco/bbox_mAP_s": 0.073, "coco/bbox_mAP_m": 0.068, "coco/bbox_mAP_l": 0.007, "data_time": 0.008583373211799784, "time": 0.7943477846206503}