{"coco/bbox_mAP": 0.007, "coco/bbox_mAP_50": 0.028, "coco/bbox_mAP_75": 0.003, "coco/bbox_mAP_s": 0.004, "coco/bbox_mAP_m": 0.018, "coco/bbox_mAP_l": 0.008, "data_time": 0.00456786783117997, "time": 0.17541008873989708}