{"coco/bbox_mAP": 0.026, "coco/bbox_mAP_50": 0.081, "coco/bbox_mAP_75": 0.016, "coco/bbox_mAP_s": 0.006, "coco/bbox_mAP_m": 0.104, "coco/bbox_mAP_l": 0.008, "data_time": 0.006505827109018962, "time": 0.15760177373886108}