{"coco/bbox_mAP": 0.328, "coco/bbox_mAP_50": 0.441, "coco/bbox_mAP_75": 0.396, "coco/bbox_mAP_s": 0.0, "coco/bbox_mAP_m": 0.487, "coco/bbox_mAP_l": 0.265, "data_time": 0.0045196104049682615, "time": 0.1923704242706299}